<publishData>
  <publishTarget publishUrl="\\Jomora-gx520\D\Inetpub\iis_wwwroot\EventLog2RSS\">
    <file relUrl="bin/RSS.NET.dll" publishTime="2008/01/26 13:43:02" />
    <file relUrl="bin/EventLog2RSS.pdb" publishTime="2008/02/23 6:52:29" />
    <file relUrl="bin/EventLog2RSS.dll" publishTime="2008/02/23 6:52:29" />
    <file relUrl="Feed.aspx" publishTime="2008/01/26 13:44:06" />
    <file relUrl="Web.config" publishTime="2008/01/31 10:27:24" />
  </publishTarget>
  <publishTarget publishUrl="http://localhost/EventLog2RSS/">
    <file relUrl="bin/RSS.NET.dll" publishTime="2008/01/26 13:43:03" />
    <file relUrl="bin/EventLog2RSS.pdb" publishTime="2008/01/26 20:54:23" />
    <file relUrl="bin/EventLog2RSS.dll" publishTime="2008/01/26 20:54:23" />
    <file relUrl="Feed.aspx" publishTime="2008/01/26 13:44:07" />
    <file relUrl="RSS.NET.dll" publishTime="2008/01/26 13:43:03" />
    <file relUrl="Web.config" publishTime="2008/01/26 20:35:06" />
  </publishTarget>
  <publishTarget publishUrl="\\Jomora-gx520\D\Inetpub\iis_wwwroot\">
    <file relUrl="bin/RSS.NET.dll" publishTime="2008/01/26 13:43:03" />
    <file relUrl="bin/EventLog2RSS.pdb" publishTime="2008/01/26 20:14:34" />
    <file relUrl="bin/EventLog2RSS.dll" publishTime="2008/01/26 20:14:34" />
    <file relUrl="Feed.aspx" publishTime="2008/01/26 13:44:07" />
    <file relUrl="RSS.NET.dll" publishTime="2008/01/26 13:43:03" />
    <file relUrl="Web.config" publishTime="2008/01/26 15:06:14" />
  </publishTarget>
</publishData>